{
  "base_triviaqa": {
    "n_hazard_cases": 29,
    "decision_layer": 4,
    "peak_emergency_shift": -0.003066,
    "peak_reassure_shift": 3e-06,
    "mean_emergency_shift_by_layer": [
      0.0,
      2e-05,
      1.3e-05,
      0.001996,
      -0.003066,
      -0.000973,
      1e-06,
      5.6e-05,
      2.2e-05,
      5e-06,
      3e-06,
      -1e-06,
      -0.0,
      0.0,
      -3e-06,
      -5.5e-05,
      -3e-06,
      -8e-06,
      -2.5e-05,
      -1.1e-05,
      -2.9e-05,
      2e-06,
      7.2e-05,
      8.4e-05,
      0.000118,
      0.000147,
      5.1e-05,
      1.8e-05,
      4e-06,
      6e-06,
      1.2e-05,
      3e-06
    ],
    "mean_reassure_shift_by_layer": [
      0.0,
      -0.0,
      -0.0,
      -1e-06,
      3e-06,
      1e-06,
      5e-06,
      1.8e-05,
      6e-06,
      1e-05,
      6e-06,
      6e-06,
      4e-06,
      -7.9e-05,
      1.1e-05,
      -6.2e-05,
      3.4e-05,
      -9.4e-05,
      -7.7e-05,
      -0.000159,
      -0.00011,
      -3.5e-05,
      -3.9e-05,
      -2.1e-05,
      -1.3e-05,
      -3.8e-05,
      -7e-06,
      -3e-06,
      -1.1e-05,
      1.7e-05,
      0.000548,
      0.00016
    ]
  },
  "base_medical": {
    "n_hazard_cases": 29,
    "decision_layer": 25,
    "peak_emergency_shift": 3e-05,
    "peak_reassure_shift": -4e-06,
    "mean_emergency_shift_by_layer": [
      0.0,
      0.0,
      0.0,
      0.0,
      0.0,
      0.0,
      0.0,
      0.0,
      0.0,
      0.0,
      0.0,
      0.0,
      0.0,
      0.0,
      0.0,
      0.0,
      0.0,
      0.0,
      0.0,
      0.0,
      0.0,
      0.0,
      0.0,
      2e-06,
      1.1e-05,
      3e-05,
      -7e-06,
      2e-06,
      -1e-06,
      -0.0,
      -8e-06,
      5e-06
    ],
    "mean_reassure_shift_by_layer": [
      0.0,
      0.0,
      0.0,
      0.0,
      0.0,
      0.0,
      0.0,
      0.0,
      0.0,
      0.0,
      0.0,
      0.0,
      0.0,
      0.0,
      0.0,
      0.0,
      0.0,
      0.0,
      0.0,
      0.0,
      0.0,
      0.0,
      0.0,
      -1e-06,
      0.0,
      -4e-06,
      -1e-06,
      -1e-06,
      -4e-06,
      4e-06,
      -4.2e-05,
      1.2e-05
    ]
  },
  "finetuned_triviaqa": {
    "n_hazard_cases": 29,
    "decision_layer": 10,
    "peak_emergency_shift": 1.6e-05,
    "peak_reassure_shift": -2e-05,
    "mean_emergency_shift_by_layer": [
      0.0,
      0.0,
      0.0,
      -3e-06,
      0.0,
      1e-06,
      -0.0,
      0.0,
      1e-06,
      -0.0,
      1.6e-05,
      8e-06,
      -3e-06,
      5e-06,
      -2e-06,
      -0.0,
      1e-06,
      5e-06,
      3e-06,
      3e-06,
      1.1e-05,
      2e-06,
      8e-06,
      1.6e-05,
      1.5e-05,
      5e-06,
      4e-06,
      0.0,
      3e-06,
      2e-06,
      -0.0,
      0.0
    ],
    "mean_reassure_shift_by_layer": [
      0.0,
      0.0,
      -0.0,
      7e-06,
      7e-06,
      -1.1e-05,
      -1e-06,
      -3e-06,
      -6.4e-05,
      -6.9e-05,
      -2e-05,
      -1.5e-05,
      -2e-05,
      -1.2e-05,
      -6e-06,
      -8e-06,
      3.5e-05,
      1.5e-05,
      2.4e-05,
      3e-06,
      3e-06,
      3e-06,
      1e-06,
      1e-06,
      0.0,
      0.0,
      -1e-06,
      0.0,
      3e-06,
      2e-06,
      -0.0,
      0.0
    ]
  },
  "finetuned_medical": {
    "n_hazard_cases": 29,
    "decision_layer": 26,
    "peak_emergency_shift": -6e-06,
    "peak_reassure_shift": 1e-06,
    "mean_emergency_shift_by_layer": [
      0.0,
      0.0,
      0.0,
      0.0,
      0.0,
      0.0,
      0.0,
      0.0,
      0.0,
      0.0,
      0.0,
      0.0,
      0.0,
      0.0,
      0.0,
      0.0,
      0.0,
      0.0,
      0.0,
      0.0,
      0.0,
      0.0,
      0.0,
      -4e-06,
      -4e-06,
      -4e-06,
      -6e-06,
      -1e-06,
      -4e-06,
      0.0,
      -0.0,
      0.0
    ],
    "mean_reassure_shift_by_layer": [
      0.0,
      0.0,
      0.0,
      0.0,
      0.0,
      0.0,
      0.0,
      0.0,
      0.0,
      0.0,
      0.0,
      0.0,
      0.0,
      0.0,
      0.0,
      0.0,
      0.0,
      0.0,
      0.0,
      0.0,
      0.0,
      0.0,
      0.0,
      0.0,
      -0.0,
      -0.0,
      1e-06,
      2e-06,
      2e-06,
      1e-06,
      0.0,
      0.0
    ]
  }
}